[
    {
        "user_id": "7580639195",
        "last_seen": 1756304173,
        "created_at": 1756224549,
        "updated_at": 1756304173
    },
    {
        "user_id": "8010825497",
        "last_seen": 1756236546,
        "created_at": 1756224622,
        "updated_at": 1756236546
    },
    {
        "user_id": "7948097888",
        "last_seen": 1756273622,
        "created_at": 1756225632,
        "updated_at": 1756273622
    },
    {
        "user_id": "6658831303",
        "last_seen": 1756289065,
        "created_at": 1756226879,
        "updated_at": 1756289065
    },
    {
        "user_id": "7563262409",
        "last_seen": 1756287874,
        "created_at": 1756228384,
        "updated_at": 1756287874
    }
]